pgroup,suppname,partno,sdesc,lcost,retail,qoh,cost_value,lsold,last_order_ref,last_receipt_date
b06,PARTS INCORPORATED,D3781DS,b pads c18,504.79,685.00,1,504.79,2021-02-26,,
B06,PARTS INCORPORATED,ATE1398,,290.05,395.00,2,580.10,,,
B06,PARTS INCORPORATED,D3456DS,D/PAD CITR,738.00,1000.00,1,738.00,2020-06-10,,
B06,PARTS INCORPORATED,D3674DS,BRAKE PADS,458.34,660.00,1,458.34,,EROE9348,2024-04-15
B06,PARTS INCORPORATED,D3692DS,BRAKE PADS,339.81,460.00,1,339.81,,ERIB9090,2024-11-18
B06,PARTS INCORPORATED,D3916DS,BRAKE PADS,440.91,645.00,1,440.91,2021-05-31,EROB4445,2024-03-13
B06,PARTS INCORPORATED,D3920DS,BRAKE PAD,388.30,530.00,2,776.60,,ERMI8794,2025-04-15
B06,PARTS INCORPORATED,D3942FAI,BRAKE PADS,145.07,220.00,3,435.21,,03637763,2026-02-16
B06,PARTS INCORPORATED,D4096DS,BRAKE PADS,445.02,605.00,1,445.02,,3520784,2026-01-30
B06,PARTS INCORPORATED,D4128DS,FRONT PADS,373.93,510.00,1,373.93,,3520717,2026-01-30
B06,PARTS INCORPORATED,D4134DS,BRAKE PADS,477.81,650.00,1,477.81,,,
B06,PARTS INCORPORATED,FDB1978,BRAKE PADS,615.03,835.00,1,615.03,2021-03-02,,
B06,PARTS INCORPORATED,FDB4051,BRAKE PADS,353.03,495.00,1,353.03,,3109258,2025-11-28
B06,PARTS INCORPORATED,FDB4136,BRAKE PADS,328.00,450.00,1,328.00,,ERMG7422,2025-03-25
B06,PARTS INCORPORATED,FDB4496,BRAKE PADS,422.71,610.00,1,422.71,,EROL4055,2024-06-12
B09,PARTS INCORPORATED,ATE1010BS,ALMERA UBE,437.38,595.00,1,437.38,,3596969,2026-02-10
B09,PARTS INCORPORATED,ATE1017BS,ALMERA UBE,372.28,510.00,1,372.28,,1030866,2026-02-19
B09,PARTS INCORPORATED,BS1006,AVEO SHOES,215.30,310.00,1,215.30,,,
B09,PARTS INCORPORATED,FSB408,BRAKE SHOE,174.66,265.00,1,174.66,,EROG7525,2024-04-30
B19,PARTS INCORPORATED,113-0032X,GAMMA CALI,86.89,135.00,2,173.78,,ERQZ4357,2024-02-27
C07,PARTS INCORPORATED,RT5282B,THERMOSTAT,178.01,265.00,1,178.01,,T240R,2024-06-05
C13,PARTS INCORPORATED,CH10,CLUTCH KIT,1506.68,1930.00,1,1506.68,,,
C13,PARTS INCORPORATED,S251MK,CLUTCH KIT,1047.77,1550.00,1,1047.77,2021-01-25,3570549,2026-02-06
C18,PARTS INCORPORATED,CVJ725M,CV JOINT,158.58,230.00,2,317.16,,EROH5020,2024-05-08
C18,PARTS INCORPORATED,CVJ727M,CV FIGO OU,269.33,395.00,2,538.66,,3790216,2026-03-10
C18,PARTS INCORPORATED,CVJ729M,,272.26,395.00,5,1361.30,,T672R,2025-04-22
E02,PARTS INCORPORATED,CS406,POINTS,21.21,35.00,1,21.21,2021-03-19,ERQP6132,2023-12-04
E02,PARTS INCORPORATED,CS788,PIONTS,21.44,40.00,1,21.44,,ERQP6132,2023-12-04
E04,PARTS INCORPORATED,G880,BULB,16.75,35.00,4,67.00,,ERMD8937,2025-02-21
E08,PARTS INCORPORATED,32210,t/sw 1pin,68.29,115.00,1,68.29,2022-10-23,ERMP8951,2025-07-02
E08,PARTS INCORPORATED,33784,TEMP SWITC,177.64,285.00,2,355.28,,EROL9615,2024-06-19
E08,PARTS INCORPORATED,TS6115,TEMP SWITC,63.71,100.00,1,63.71,,ERQP2057,2023-12-04
E08,PARTS INCORPORATED,TS6119,TEMP SWITC,303.04,440.00,1,303.04,,3723932,2026-02-28
E08,PARTS INCORPORATED,TS6148,TEMP SWITC,131.54,195.00,1,131.54,,3629610,2026-02-13
E09,PARTS INCORPORATED,OP6043,OIL SWITCH,40.13,75.00,1,40.13,,ERQP6756,2023-12-04
E10,PARTS INCORPORATED,SL149,S.L.SWITCH,28.28,75.00,1,28.28,2023-07-08,ERQP2034,2023-12-04
E10,PARTS INCORPORATED,SL160,STOP LIGHT,24.74,50.00,1,24.74,,ERQP2052,2023-12-04
E10,PARTS INCORPORATED,SL166,STOP LIGHT,58.81,100.00,1,58.81,,ERQP2052,2023-12-04
E10,PARTS INCORPORATED,SL178,STOP LIGHT,65.70,105.00,1,65.70,,ERQP2052,2023-12-04
E11,PARTS INCORPORATED,RS126E,ECHLIN,238.27,345.00,1,238.27,2020-11-17,EROG6445,2024-04-30
E19,PARTS INCORPORATED,DRV1207,BENDIX QUA,82.93,125.00,2,165.86,,3778055,2026-03-09
E28,PARTS INCORPORATED,Y-541J,GLOW PLUGS,104.00,150.00,4,416.00,2020-06-02,ERMO1248,2025-06-11
F01,PARTS INCORPORATED,FP1856,FUEL PUMP,258.46,375.00,1,258.46,2021-03-02,ERQP2034,2023-12-04
F02,PARTS INCORPORATED,AC140,CABIN FILT,95.31,140.00,1,95.31,,3824959,2026-03-13
F02,PARTS INCORPORATED,AC171,CABIN FILT,148.64,220.00,1,148.64,,ERQS1707,2023-12-22
F02,PARTS INCORPORATED,AC188,CABIN FILT,67.94,105.00,1,67.94,,3822470,2026-03-13
F02,PARTS INCORPORATED,AC63,CABIN FILT,110.82,165.00,1,110.82,,2720553,2025-10-10
F02,PARTS INCORPORATED,AC97,CABIN FILT,107.15,170.00,1,107.15,,I5574947,2026-02-11
F02,PARTS INCORPORATED,ADG585,AIR FILTER,174.76,260.00,1,174.76,,V4831778,2026-03-07
F02,PARTS INCORPORATED,ADG595,AIR FILTER,115.11,175.00,1,115.11,,ERQQ4988,2023-12-09
F02,PARTS INCORPORATED,AG1027,AIR FILTER,358.96,520.00,2,717.92,2018-08-15,ERQS4138,2023-12-28
F02,PARTS INCORPORATED,AG1051C,AIR FILTER,131.69,195.00,1,131.69,,ERMC9452,2025-02-12
F02,PARTS INCORPORATED,AG1201,A/F E46,217.60,320.00,1,217.60,2020-12-23,ERQZ3476,2024-02-26
F02,PARTS INCORPORATED,AG1207,AIR FILTER,168.51,245.00,1,168.51,2019-12-10,ERQP2048,2023-11-30
F02,PARTS INCORPORATED,AG1283,AIR FILTER,91.41,140.00,1,91.41,2020-03-13,ERQP2065,2023-11-29
F02,PARTS INCORPORATED,AG1328R,AIR FILTER,174.26,270.00,1,174.26,,ERQP2059,2023-11-30
F02,PARTS INCORPORATED,AG1359,AIR FILTER,138.08,200.00,1,138.08,2018-11-04,3799812,2026-03-10
F02,PARTS INCORPORATED,AG1404,AIR FILTER,299.04,435.00,1,299.04,,ERQQ4952,2023-12-09
F02,PARTS INCORPORATED,AG1492,AIR FILTER,190.43,275.00,1,190.43,2023-09-06,ERQQ4988,2023-12-09
F02,PARTS INCORPORATED,AG1517,AIR FILTER,207.85,300.00,1,207.85,,ERQQ5896,2023-12-09
F02,PARTS INCORPORATED,AG1719,AIR FILTER,315.28,455.00,1,315.28,,EROB7644,2024-03-16
F02,PARTS INCORPORATED,AG1829,AIR FILTER,112.86,165.00,1,112.86,,ERMM2625,2025-05-23
F02,PARTS INCORPORATED,AG1919,AIR FILTER,128.27,195.00,1,128.27,,ERQZ7872,2024-02-29
F02,PARTS INCORPORATED,AG1962,AIR FILTER,102.43,155.00,1,102.43,,ERMJ3067,2025-04-22
F02,PARTS INCORPORATED,AG697,AIR FILTER,173.66,260.00,1,173.66,2023-12-13,ERQS9114,2024-01-05
F02,PARTS INCORPORATED,AG825,AIR FILTER,144.41,210.00,1,144.41,,EROQ5479,2024-07-31
F02,PARTS INCORPORATED,AG838,AIR FILTER,167.07,245.00,1,167.07,,ERQX5744,2024-02-13
F02,PARTS INCORPORATED,AG884,AIR FILTER,165.56,240.00,1,165.56,2021-04-27,3683892,2026-02-24
F02,PARTS INCORPORATED,AG930,AIR FILTER,147.44,215.00,1,147.44,2023-07-11,2822431,2025-10-22
F02,PARTS INCORPORATED,AG996C,AIR FILTER,79.46,135.00,4,317.84,2020-09-08,,
F02,PARTS INCORPORATED,FK20,CORSA B & ,226.56,330.00,1,226.56,2023-08-25,3688020,2026-02-24
F03,PARTS INCORPORATED,HLS7M,HEX SOCKET,287.50,445.00,1,287.50,2021-01-20,ERML6309,2025-05-17
F03,PARTS INCORPORATED,HSS7M,HEX SOKT 7,177.00,275.00,1,177.00,2020-10-15,ERML6309,2025-05-17
F03,PARTS INCORPORATED,SLS5M,SPLINE SOC,171.50,265.00,1,171.50,2021-06-04,ERML6309,2025-05-17
F03,PARTS INCORPORATED,SS07H,SPLINE SET,50.00,85.00,2,100.00,2021-06-02,3560193,2026-02-04
F07,PARTS INCORPORATED,Z29-23,FUEL FILTE,23.55,45.00,10,235.50,,EROA2888,2024-03-05
F10,PARTS INCORPORATED,E104,FUEL FILTE,383.81,550.00,1,383.81,2022-12-17,ERQO9224,2023-11-30
F10,PARTS INCORPORATED,E144G,FEUL FILTE,286.86,415.00,1,286.86,,EROU8384,2024-09-11
F10,PARTS INCORPORATED,E49,PETROL FIL,262.76,380.00,1,262.76,2021-06-05,2831383,2025-10-23
F10,PARTS INCORPORATED,E95,FUEL FILTE,181.74,265.00,1,181.74,,ERMI5570,2025-04-10
F10,PARTS INCORPORATED,E97,FUEL FILTE,495.81,715.00,1,495.81,,ERQQ0953,2023-12-06
F10,PARTS INCORPORATED,G1134G,FILTER,71.56,105.00,1,71.56,,ERMV0737,2025-08-21
F10,PARTS INCORPORATED,G970A,O.FILTER,101.34,150.00,1,101.34,2021-05-22,ERQO9224,2023-11-30
f11,PARTS INCORPORATED,Z290,diesel fil,102.46,150.00,1,102.46,2020-08-24,ERQO9128,2023-11-30
F11,PARTS INCORPORATED,M11,OIL FILTER,213.22,310.00,1,213.22,2020-09-07,ERQO9172,2023-11-30
F11,PARTS INCORPORATED,M162,OIL FILTER,307.10,445.00,1,307.10,,EROB9445,2024-03-18
F11,PARTS INCORPORATED,M27,OIL FILTER,135.77,195.00,2,271.54,,ERMO9177,2025-06-20
F11,PARTS INCORPORATED,M86,OIL FILTER,151.82,220.00,1,151.82,2019-10-13,,
F11,PARTS INCORPORATED,Z148,O.FILTER,231.40,340.00,1,231.40,2019-04-16,ERQQ4746,2023-12-09
F11,PARTS INCORPORATED,Z280,OIL FILTER,75.78,120.00,1,75.78,2023-08-31,ERQR7537,2023-12-19
F11,PARTS INCORPORATED,Z310,ISUZU,242.92,350.00,1,242.92,2020-06-07,3556666,2026-02-04
F11,PARTS INCORPORATED,Z436,OIL FILTER,170.81,250.00,1,170.81,,ERQQ4746,2023-12-09
F11,PARTS INCORPORATED,Z577,OIL FILTER,301.89,435.00,1,301.89,,ERQQ4746,2023-12-09
F11,PARTS INCORPORATED,Z594,OIL FILTER,64.85,95.00,1,64.85,,ERQQ4751,2023-12-09
FAI,PARTS INCORPORATED,55819FL,SHOCK,391.12,530.00,3,1173.36,,ERMF9775,2025-03-14
FAI,PARTS INCORPORATED,55819FR,SHOCK,391.12,530.00,3,1173.36,,ERMF9775,2025-03-14
FAI,PARTS INCORPORATED,56190F,SHOCKS,207.00,300.00,2,414.00,,2720529,2025-10-10
FAI,PARTS INCORPORATED,70504F,SHOCKS,400.14,575.00,8,3201.12,,3245990,2025-12-18
FAI,PARTS INCORPORATED,D334FAI,BRAKE PADS,116.76,175.00,5,583.80,,3787763,2026-03-10
FAI,PARTS INCORPORATED,D3554FAI,BRAKE PADS,167.91,250.00,4,671.64,,03810752,2026-03-12
FAI,PARTS INCORPORATED,D3728FAI,BRAKE PADS,110.34,165.00,3,331.02,,3745969,2026-03-05
FAI,PARTS INCORPORATED,FPVD5065,,493.24,715.00,2,986.48,,3186695,2025-12-10
FAI,PARTS INCORPORATED,MD676FAI,DISC,221.35,320.00,2,442.70,,3190064,2025-12-15
FAI,PARTS INCORPORATED,PQ377F,WHEEL BEAR,103.38,150.00,4,413.52,,03555096,2026-02-04
FSP,PARTS INCORPORATED,BCA32,BATTERY CH,746.70,1075.00,1,746.70,2023-03-27,,
FSP,PARTS INCORPORATED,BG001,REAR BUMPE,193.80,320.00,1,193.80,,EROB4864,2024-03-14
FSP,PARTS INCORPORATED,BM001,BOOT MATT ,240.00,370.00,1,240.00,,ERMI5373,2025-04-10
FSP,PARTS INCORPORATED,CP1013,3PC COOLER,802.00,1155.00,2,1604.00,,03756473,2026-03-09
FSP,PARTS INCORPORATED,DG16BK,2PC CARBON,116.00,190.00,4,464.00,,2886570,2025-10-30
FSP,PARTS INCORPORATED,EER002,EXTENSION ,570.00,730.00,1,570.00,,ERIC3783,2024-11-21
FSP,PARTS INCORPORATED,FT01BK,FENDER PRO,96.00,160.00,1,96.00,,EROB4864,2024-03-14
FSP,PARTS INCORPORATED,RA0375A,REFLECTOR ,3.80,10.00,6,22.80,,EROK4126,2024-06-04
FSP,PARTS INCORPORATED,RM16,RUBBER MAL,54.78,85.00,1,54.78,,ERME6182,2025-03-01
FSP,PARTS INCORPORATED,SA320,2PC REAR E,420.00,645.00,1,420.00,,EROA4962,2024-03-06
FSP,PARTS INCORPORATED,SI080,SOLDERING ,143.50,225.00,1,143.50,,EROY6399,2024-10-17
FSP,PARTS INCORPORATED,SK37M,37PC 1/4 D,387.00,595.00,1,387.00,,ERML6309,2025-05-17
FSP,PARTS INCORPORATED,SWC12G,STEERING W,52.00,85.00,1,52.00,,ERIC3783,2024-11-21
G01,PARTS INCORPORATED,341338,SHOCK,478.92,650.00,2,957.84,,ERMK1751,2025-05-05
G01,PARTS INCORPORATED,343423,REAR AVEO,520.14,705.00,2,1040.28,,3275330,2025-12-22
G01,PARTS INCORPORATED,349035,SHOCK REAR,479.55,655.00,2,959.10,,ERME6082,2025-03-01
G01,PARTS INCORPORATED,GT2102,QUANTUM RE,306.71,415.00,2,613.42,2023-07-29,,
G01,PARTS INCORPORATED,M8096,GD6 FRONT,669.14,910.00,2,1338.28,,EROK1477,2024-05-31
G01,PARTS INCORPORATED,M8355,REAR SHOCK,477.49,650.00,2,954.98,,ERQQ7915,2023-12-12
G01,PARTS INCORPORATED,ML2078,GAS LIFT P,180.74,255.00,2,361.48,,EROS9987,2024-08-26
G01,PARTS INCORPORATED,SF8014T,FRONT SHOC,443.04,600.00,2,886.08,,ERQT8273,2024-01-11
G01,PARTS INCORPORATED,SF8015T,SHOCK FRON,443.04,600.00,2,886.08,,ERQT8273,2024-01-11
M04,PARTS INCORPORATED,7PK1180,FAN BELT,84.25,135.00,1,84.25,,3795654,2026-03-10
S07,PARTS INCORPORATED,CR9E,PLUGS,56.59,85.00,10,565.90,,ERMR4302,2025-07-17
S07,PARTS INCORPORATED,PLZFR6A-11S,PLUGS,219.04,300.00,8,1752.32,,EROR0960,2024-08-06
S07,PARTS INCORPORATED,PLZKBR7B8G,SPUG PLUG ,125.29,195.00,1,125.29,2023-11-11,1681937,2026-03-07
S07,PARTS INCORPORATED,YR8MEU,PLUG,66.97,100.00,1,66.97,,ERME0106,2025-02-24
T01,PARTS INCORPORATED,ET250M,EXTENSION ,110.00,180.00,1,110.00,,ERQP2243,2023-11-30
T01,PARTS INCORPORATED,HC02,HAMMER CLA,90.00,150.00,1,90.00,2021-08-02,ERQQ3135,2023-12-10
T01,PARTS INCORPORATED,HS01,HACKSAW ST,82.00,140.00,1,82.00,2023-03-06,ERME6182,2025-03-01
T01,PARTS INCORPORATED,HS05,HACKSAW PR,83.40,145.00,1,83.40,2021-10-01,ERME6182,2025-03-01
T01,PARTS INCORPORATED,HS10M,SOCKET HEX,39.00,65.00,1,39.00,2021-02-13,ERQP2214,2023-11-30
T01,PARTS INCORPORATED,SC29,SPANNER,77.90,130.00,1,77.90,2020-03-24,ERQP2232,2023-11-29
T01,PARTS INCORPORATED,SF11,SPANNER FL,45.00,75.00,1,45.00,2017-12-28,ERQQ3136,2023-12-10
T01,PARTS INCORPORATED,SF12M,FLEXI COMB,94.25,160.00,1,94.25,,ERQP2232,2023-11-29
T01,PARTS INCORPORATED,SF16,SPANNER  ,69.70,110.00,1,69.70,2020-11-07,ERQQ3115,2023-12-10
T01,PARTS INCORPORATED,SOC09,SOCKET,20.50,35.00,1,20.50,2021-05-17,ERQQ3115,2023-12-10
T01,PARTS INCORPORATED,SOC11,SOCKET CHR,14.50,25.00,1,14.50,2017-05-31,ERQQ3133,2023-12-10
T01,PARTS INCORPORATED,SOC29,SOCKET,53.30,90.00,1,53.30,2021-03-08,ERQQ3153,2023-12-11
T01,PARTS INCORPORATED,SOD10,TUBE SOCKE,35.00,60.00,2,70.00,2021-02-04,3773084,2026-03-06
T01,PARTS INCORPORATED,SP09M,MIDAS COMB,45.50,80.00,1,45.50,,EROF9947,2024-04-24
