pgroup,suppname,partno,sdesc,lcost,retail,qoh,cost_value,lsold,last_order_ref,last_trans_date
B01,PARTS INCORPORATED,483-114,BOSAL,134.82,195.00,1,134.82,2017-06-02,NO HISTORY,
B06,PARTS INCORPORATED,D1760M,BRAKE PADS,225.95,335.00,1,225.95,2022-01-10,NO HISTORY,
B06,PARTS INCORPORATED,D200DS,DISC SAVER,166.70,245.00,1,166.70,2023-08-24,NO HISTORY,
B06,PARTS INCORPORATED,D3106F,BRAKE PADS,321.49,495.00,1,321.49,2015-10-21,NO HISTORY,
B06,PARTS INCORPORATED,D3188DS,DISC PADS ,459.24,635.00,1,459.24,2021-08-02,NO HISTORY,
B06,PARTS INCORPORATED,D3202DS,DISC PADS ,430.43,615.00,1,430.43,,NO HISTORY,
B06,PARTS INCORPORATED,D3390DS,DISC PADS ,471.69,645.00,1,471.69,2023-12-03,NO HISTORY,
B06,PARTS INCORPORATED,D3528DS,DISC PADS ,223.13,305.00,2,446.26,2023-10-05,NO HISTORY,
B06,PARTS INCORPORATED,D3553M,BRAKE PADS,218.22,300.00,1,218.22,2022-09-23,NO HISTORY,
B06,PARTS INCORPORATED,D3576F,BRAKE PADS,243.38,350.00,1,243.38,2023-11-26,NO HISTORY,
B06,PARTS INCORPORATED,D3789DS,BRAKE PADS,368.84,500.00,1,368.84,2021-10-01,03803265,2026-03-11
B06,PARTS INCORPORATED,D973F,B/PADS FER,234.91,320.00,1,234.91,2023-12-14,03576789,2026-02-07
B06,PARTS INCORPORATED,D975F,FERODO B/P,385.09,525.00,1,385.09,2023-11-24,NO HISTORY,
B06,PARTS INCORPORATED,D996F,D/PADS FER,314.29,430.00,1,314.29,2023-10-09,EROF0987,2024-04-16
B06,PARTS INCORPORATED,FVR1132,MICROBUS L,371.62,510.00,1,371.62,,NO HISTORY,
C05,PARTS INCORPORATED,NS11HI,N. SEAT,42.82,65.00,1,42.82,2012-09-26,NO HISTORY,
C06,PARTS INCORPORATED,TP2-14,RAD CAP FO,35.77,55.00,1,35.77,2014-06-20,3576829,2026-02-06
C07,PARTS INCORPORATED,RT1643M,THERMOSTAT,55.14,100.00,1,55.14,2021-01-30,NO HISTORY,
C07,PARTS INCORPORATED,RT2339G,THERMOSTAT,56.00,295.00,1,56.00,2013-10-10,NO HISTORY,
C07,PARTS INCORPORATED,RT2817,THERMOSTAT,201.00,295.00,1,201.00,2013-04-11,NO HISTORY,
C07,PARTS INCORPORATED,RT3111-82,THERMOSTAT,38.78,60.00,1,38.78,2020-10-02,NO HISTORY,
C07,PARTS INCORPORATED,RT5974,THERMO,57.18,85.00,1,57.18,,NO HISTORY,
C13,PARTS INCORPORATED,R400MK,PALIO 1.6 ,3680.33,4940.00,1,3680.33,2016-02-11,NO HISTORY,
C14,PARTS INCORPORATED,SC30,SPEEDO/C,44.00,65.00,1,44.00,2017-06-14,3674319,2026-02-19
C18,PARTS INCORPORATED,CV3081,CV JOINT,92.28,130.00,2,184.56,2006-12-27,NO HISTORY,
C18,PARTS INCORPORATED,CV3286,CV JOINT E,125.93,185.00,2,251.86,2018-01-13,I5401760,2025-12-04
C18,PARTS INCORPORATED,CVJ901,CV JOINT P,259.12,375.00,2,518.24,,NO HISTORY,
D02,PARTS INCORPORATED,GUT13,U.JOINT,98.77,150.00,4,395.08,2021-11-12,KJ1473706,2024-01-10
D03,PARTS INCORPORATED,MD224M,DRUMS M/PA,233.66,300.00,1,233.66,,NO HISTORY,
D06,PARTS INCORPORATED,128.1007,HILUX 2016,481.01,650.00,1,481.01,2021-01-25,NO HISTORY,
D06,PARTS INCORPORATED,DDF2377X,RUMION BRA,408.23,590.00,2,816.46,,3744471,2026-03-04
D06,PARTS INCORPORATED,MD248,DISC 98 CO,133.64,195.00,3,400.92,2009-09-25,NO HISTORY,
D06,PARTS INCORPORATED,MD252,DISCS,99.90,165.00,1,99.90,2017-12-11,NO HISTORY,
D06,PARTS INCORPORATED,MD258,DISC POLO ,131.46,195.00,2,262.92,2017-03-18,NO HISTORY,
D06,PARTS INCORPORATED,MD996M,DISCS,206.15,300.00,2,412.30,,NO HISTORY,
E02,PARTS INCORPORATED,TP121,MODULE NIS,342.55,500.00,1,342.55,2010-09-06,V4364595,2024-10-10
E04,PARTS INCORPORATED,AB453,GOLBE 55/5,6.02,20.00,1,6.02,2018-07-25,NO HISTORY,
E04,PARTS INCORPORATED,G64151NL,H3 OSRAM ,244.97,355.00,1,244.97,2022-12-12,NO HISTORY,
E08,PARTS INCORPORATED,TS6054,TEMP SWITC,52.83,80.00,1,52.83,2012-09-12,NO HISTORY,
E08,PARTS INCORPORATED,TS6057,TEMP SWITC,75.00,110.00,1,75.00,,NO HISTORY,
E08,PARTS INCORPORATED,TS6058,TEM SWITCH,78.00,130.00,1,78.00,,NO HISTORY,
E09,PARTS INCORPORATED,OP6072,SWITCH OIL,23.35,65.00,1,23.35,2021-09-15,ERMM4507,2025-05-26
E09,PARTS INCORPORATED,OP6281,O.P SWITCH,30.05,50.00,1,30.05,2022-05-06,NO HISTORY,
E09,PARTS INCORPORATED,OP6622M,OPEL OIL S,23.61,45.00,1,23.61,2022-02-14,NO HISTORY,
E10,PARTS INCORPORATED,SL161,STOP LIGHT,20.33,30.00,1,20.33,2021-06-01,ERMR1437,2025-07-15
E10,PARTS INCORPORATED,SL181M,SWITCH STO,41.42,65.00,1,41.42,,NO HISTORY,
E10,PARTS INCORPORATED,SL183M,STOP LIGHT,28.65,45.00,1,28.65,2021-07-16,NO HISTORY,
E11,PARTS INCORPORATED,RS116,SWITCH REV,40.46,60.00,1,40.46,2017-08-10,NO HISTORY,
E12,PARTS INCORPORATED,022302506,REG,63.81,95.00,1,63.81,2021-04-12,NO HISTORY,
E12,PARTS INCORPORATED,3-1,BRUSH HOLD,18.97,30.00,1,18.97,,NO HISTORY,
E12,PARTS INCORPORATED,5MSA125,REULATOR,23.17,40.00,1,23.17,,NO HISTORY,
E12,PARTS INCORPORATED,ASP01,NYLON BUSH,46.96,75.00,1,46.96,2022-07-20,NO HISTORY,
E12,PARTS INCORPORATED,CS30,AMATURE LU,200.81,295.00,1,200.81,2012-10-03,NO HISTORY,
E12,PARTS INCORPORATED,REC166,RECT LUCAS,40.67,60.00,1,40.67,2014-12-29,NO HISTORY,
E12,PARTS INCORPORATED,REC499A,REC LUCAS,86.26,140.00,1,86.26,2022-07-21,V4516001,2025-04-04
E12,PARTS INCORPORATED,SA7014,ARMATURES,159.12,230.00,1,159.12,2013-08-28,NO HISTORY,
E12,PARTS INCORPORATED,VR565,LUCAS REGU,16.63,50.00,1,16.63,2011-08-09,NO HISTORY,
E14,PARTS INCORPORATED,BSX75,BRUSH BOSC,7.11,16.00,1,7.11,2021-04-12,NO HISTORY,
E14,PARTS INCORPORATED,LR352,CONTACTS T,18.93,25.00,1,18.93,2008-11-12,NO HISTORY,
E14,PARTS INCORPORATED,SB1127,STARTER BU,2.60,7.00,1,2.60,2013-01-15,NO HISTORY,
E19,PARTS INCORPORATED,0450Z,MITSUB 8 T,59.26,90.00,1,59.26,,NO HISTORY,
E19,PARTS INCORPORATED,1709,S90 IZUZU ,45.78,90.00,1,45.78,,NO HISTORY,
E19,PARTS INCORPORATED,SD077,DRIVE STAR,128.86,190.00,1,128.86,2013-10-24,NO HISTORY,
E19,PARTS INCORPORATED,SD111,BENDIX,69.93,100.00,1,69.93,2021-07-30,3703035,2026-02-25
E19,PARTS INCORPORATED,SD130,BENDIX,43.33,100.00,1,43.33,2013-01-16,NO HISTORY,
E19,PARTS INCORPORATED,SD2320M,BENDIX,56.08,110.00,1,56.08,,NO HISTORY,
E19,PARTS INCORPORATED,SD295,BENDIX,84.46,135.00,1,84.46,2010-05-28,NO HISTORY,
E19,PARTS INCORPORATED,SD360,BNDIX,172.51,285.00,1,172.51,2013-01-16,NO HISTORY,
E19,PARTS INCORPORATED,SD367,BENDIX,38.97,99.00,1,38.97,2008-07-07,NO HISTORY,
E19,PARTS INCORPORATED,SD421,BENDIX,93.00,133.00,1,93.00,2003-08-21,NO HISTORY,
E19,PARTS INCORPORATED,SD449,BENDIX,37.70,85.00,1,37.70,2020-08-24,NO HISTORY,
E19,PARTS INCORPORATED,SD501,BENDIX 9T,83.65,130.00,1,83.65,,NO HISTORY,
E19,PARTS INCORPORATED,SD587,BENDIX,52.54,75.00,2,105.08,2008-05-12,NO HISTORY,
E19,PARTS INCORPORATED,SD609,BENDIX,50.73,80.00,2,101.46,2013-02-15,NO HISTORY,
E19,PARTS INCORPORATED,SD631,STARTER DR,51.91,75.00,2,103.82,2021-11-14,NO HISTORY,
E19,PARTS INCORPORATED,SD634,BENDIX BOS,113.48,165.00,1,113.48,2023-11-28,NO HISTORY,
E19,PARTS INCORPORATED,SD7300,BENDIX,32.50,75.00,2,65.00,2012-03-03,NO HISTORY,
E20,PARTS INCORPORATED,SS1209,SOLENOID,85.85,125.00,1,85.85,2010-09-11,NO HISTORY,
E20,PARTS INCORPORATED,SS1503,SOLENOID,100.00,145.00,1,100.00,2017-05-05,NO HISTORY,
E20,PARTS INCORPORATED,SS1519,SOLENOID M,106.33,150.00,1,106.33,2006-01-22,NO HISTORY,
E20,PARTS INCORPORATED,SS4035,SOLENOID,168.64,250.00,1,168.64,2010-10-18,NO HISTORY,
E21,PARTS INCORPORATED,EL25204,STARTER FO,531.78,720.00,1,531.78,2018-03-17,NO HISTORY,
E28,PARTS INCORPORATED,PT150,GLOW PLUG,102.04,150.00,4,408.16,2022-02-02,NO HISTORY,
E28,PARTS INCORPORATED,PT-151,GLOW PLUGS,25.83,40.00,4,103.32,,NO HISTORY,
E28,PARTS INCORPORATED,PZ33M,GLOW PLUGS,16.89,45.00,6,101.34,2013-09-02,NO HISTORY,
F01,PARTS INCORPORATED,FP1815,FUEL PUMP,160.14,230.00,1,160.14,2016-01-30,NO HISTORY,
F01,PARTS INCORPORATED,FP2151,FUEL PUMP ,140.97,200.00,1,140.97,2018-03-22,NO HISTORY,
F01,PARTS INCORPORATED,FP2153,FUEL PUMP ,184.58,265.00,1,184.58,,NO HISTORY,
F01,PARTS INCORPORATED,FP2800,FUEL PUMP ,134.57,185.00,1,134.57,2018-04-25,NO HISTORY,
F02,PARTS INCORPORATED,AC17,FILTER CAB,106.57,155.00,3,319.71,,NO HISTORY,
F02,PARTS INCORPORATED,ADG595,A FILTER,86.22,125.00,1,86.22,2019-10-03,ERQQ4988,2023-12-09
F02,PARTS INCORPORATED,ADG750C,AIR FILTER,128.05,190.00,1,128.05,2022-11-20,NO HISTORY,
F02,PARTS INCORPORATED,ADG770,AIR FILTER,223.82,325.00,1,223.82,2022-10-29,NO HISTORY,
F02,PARTS INCORPORATED,AG1020,AIR FILETR,138.39,220.00,1,138.39,2022-01-04,ERQW5267,2024-02-05
F02,PARTS INCORPORATED,AG1051C,CHAMPION,66.91,95.00,1,66.91,,ERMC9452,2025-02-12
F02,PARTS INCORPORATED,AG1087,AIR FILTER,102.43,150.00,1,102.43,2020-11-25,NO HISTORY,
F02,PARTS INCORPORATED,AG1112C,AIE FILTER,153.56,225.00,1,153.56,2023-05-30,NO HISTORY,
F02,PARTS INCORPORATED,AG1142,AIR FILTER,138.57,200.00,3,415.71,2023-06-24,NO HISTORY,
F02,PARTS INCORPORATED,AG1200,AIR FILTER,173.46,250.00,1,173.46,2020-01-26,NO HISTORY,
F02,PARTS INCORPORATED,AG1201,AIR FILTER,206.34,300.00,1,206.34,2022-12-23,ERQZ3476,2024-02-26
F02,PARTS INCORPORATED,AG1261,ATOS AIR F,88.95,130.00,2,177.90,2022-12-01,ERQR0352,2023-12-13
F02,PARTS INCORPORATED,AG1313,AIR FILTER,77.93,115.00,1,77.93,2023-11-13,V4818658,2026-02-24
F02,PARTS INCORPORATED,AG1325,AVENSIS AI,292.59,425.00,1,292.59,2022-12-22,I29447,2025-10-09
F02,PARTS INCORPORATED,AG1325C,AIR FILTER,201.57,295.00,1,201.57,2023-10-19,NO HISTORY,
F02,PARTS INCORPORATED,AG1351,AIR FILTER,187.57,280.00,1,187.57,2023-12-21,ERMM4517,2025-05-26
F02,PARTS INCORPORATED,AG1359,FIESTA AIR,179.44,260.00,2,358.88,2022-05-04,3799812,2026-03-10
F02,PARTS INCORPORATED,AG1360,AIR FILTER,210.26,310.00,1,210.26,2023-11-11,NO HISTORY,
F02,PARTS INCORPORATED,AG1369,AIR FILTE,130.72,190.00,1,130.72,2023-08-11,NO HISTORY,
F02,PARTS INCORPORATED,AG1379C,AIR FILTER,134.53,195.00,1,134.53,2023-08-02,NO HISTORY,
F02,PARTS INCORPORATED,AG1384,POLO 1.6 T,181.30,265.00,1,181.30,2023-12-23,ERMD8706,2025-02-21
F02,PARTS INCORPORATED,AG1408C,AIR FILTER,76.69,110.00,1,76.69,,I26258,2023-12-09
F02,PARTS INCORPORATED,AG1454,AIR FILTER,220.34,320.00,1,220.34,2023-08-23,NO HISTORY,
F02,PARTS INCORPORATED,AG1457,AIR FILTER,396.55,575.00,1,396.55,2022-03-06,NO HISTORY,
F02,PARTS INCORPORATED,AG1486,AIR FILTER,180.15,260.00,1,180.15,,NO HISTORY,
F02,PARTS INCORPORATED,AG1517,DUCATO AIR,168.38,245.00,1,168.38,2021-03-03,ERQQ5896,2023-12-09
F02,PARTS INCORPORATED,AG1521,AIR FILTER,209.58,310.00,1,209.58,2023-01-06,NO HISTORY,
F02,PARTS INCORPORATED,AG1536,AIR FILTER,178.32,260.00,1,178.32,,NO HISTORY,
F02,PARTS INCORPORATED,AG1536C,AIR FILTER,134.53,195.00,1,134.53,,NO HISTORY,
F02,PARTS INCORPORATED,AG1549,AIR FILTER,181.17,265.00,1,181.17,2021-07-05,NO HISTORY,
F02,PARTS INCORPORATED,AG156P,FILTER AIR,75.13,110.00,1,75.13,2014-02-05,NO HISTORY,
F02,PARTS INCORPORATED,AG331,A.FILTER,123.80,185.00,1,123.80,2020-10-04,NO HISTORY,
F02,PARTS INCORPORATED,AG532,AIR FILTER,113.80,165.00,1,113.80,,NO HISTORY,
F02,PARTS INCORPORATED,AG584,AIR FILTER,123.58,180.00,1,123.58,2017-04-07,NO HISTORY,
F02,PARTS INCORPORATED,AG627,AIR FILTER,136.84,195.00,1,136.84,,NO HISTORY,
F02,PARTS INCORPORATED,AG668,AIR FILTER,58.70,85.00,1,58.70,2006-02-08,NO HISTORY,
F02,PARTS INCORPORATED,AG726,AIR FILTER,113.41,165.00,2,226.82,2014-08-31,NO HISTORY,
F02,PARTS INCORPORATED,AG765,A.FILTER,128.25,190.00,1,128.25,2022-11-05,I5643764,2026-03-10
F02,PARTS INCORPORATED,AG807,AIR FILTER,84.46,120.00,5,422.30,2023-10-13,V4819141,2026-02-24
F02,PARTS INCORPORATED,AG861,AIR FILTER,106.46,155.00,1,106.46,2012-07-03,NO HISTORY,
F02,PARTS INCORPORATED,AG870,AIR FILTER,24.23,40.00,2,48.46,,NO HISTORY,
F02,PARTS INCORPORATED,AG894,,198.72,290.00,2,397.44,2023-08-19,NO HISTORY,
F02,PARTS INCORPORATED,AG903,AIR FILTER,127.01,185.00,1,127.01,2022-12-22,ERMN3526,2025-06-04
F02,PARTS INCORPORATED,AG931,AIR FILTER,147.63,215.00,1,147.63,2023-12-07,EROO8046,2024-07-15
F02,PARTS INCORPORATED,AG997,AIR FILTER,96.77,140.00,1,96.77,2023-09-24,I5609115,2026-02-24
F05,PARTS INCORPORATED,CK104NI,CARB KIT M,82.62,130.00,1,82.62,2018-02-01,V4822129,2026-02-26
F05,PARTS INCORPORATED,CK161NI,CARB ISUZU,62.92,95.00,1,62.92,2014-02-28,NO HISTORY,
F05,PARTS INCORPORATED,CK185A,CARB KIT T,100.00,150.00,1,100.00,,NO HISTORY,
F07,PARTS INCORPORATED,Z29-23,PETROL FIL,16.90,25.00,1,16.90,2023-03-23,EROA2888,2024-03-05
F10,PARTS INCORPORATED,E114,FUEL FILTE,169.15,245.00,1,169.15,,NO HISTORY,
F10,PARTS INCORPORATED,E80,FUEL FILTE,102.33,150.00,2,204.66,2021-12-13,NO HISTORY,
F10,PARTS INCORPORATED,G1017F,FULL FILTE,43.49,65.00,4,173.96,2019-06-06,NO HISTORY,
F10,PARTS INCORPORATED,G10243,FUEL FILTE,217.22,315.00,2,434.44,2021-09-12,NO HISTORY,
F10,PARTS INCORPORATED,G1033,OIL FILTER,75.75,120.00,1,75.75,2021-11-22,3617058,2026-02-12
F10,PARTS INCORPORATED,G992,FILTER OIL,69.00,100.00,1,69.00,,NO HISTORY,
F10,PARTS INCORPORATED,M40,OIL FILTER,189.71,275.00,1,189.71,2023-02-25,3782772,2026-03-10
F10,PARTS INCORPORATED,M43,2.5ST FOCU,57.29,90.00,1,57.29,2023-11-25,3621257,2026-02-12
F10,PARTS INCORPORATED,MP40,NV350 FUEL,503.87,725.00,2,1007.74,2023-11-12,NO HISTORY,
F11,PARTS INCORPORATED,Z143,SPIN ON FI,108.71,175.00,1,108.71,2020-06-26,I26257,2023-12-09
F11,PARTS INCORPORATED,Z152,OIL FILTER,69.61,110.00,1,69.61,2023-05-11,I26257,2023-12-09
F11,PARTS INCORPORATED,Z161,O.FILTER,132.82,195.00,1,132.82,2021-12-05,NO HISTORY,
F11,PARTS INCORPORATED,Z207,FILTER OIL,124.01,190.00,2,248.02,,NO HISTORY,
F11,PARTS INCORPORATED,Z229,OIL FILTER,95.50,140.00,1,95.50,2022-12-18,NO HISTORY,
F11,PARTS INCORPORATED,Z245,OIL FILTER,58.56,80.00,1,58.56,2017-08-10,NO HISTORY,
F11,PARTS INCORPORATED,Z246,FILTER,164.99,240.00,1,164.99,2022-04-13,KIYAAL,2026-02-25
F11,PARTS INCORPORATED,Z268,OIL FILETR,46.69,75.00,2,93.38,2023-10-18,EROG6445,2024-04-30
F11,PARTS INCORPORATED,Z270,OIL FILTER,88.00,130.00,1,88.00,2020-09-14,3821535,2026-03-13
F11,PARTS INCORPORATED,Z287,FILTER OI,120.06,180.00,1,120.06,2021-03-28,NO HISTORY,
F11,PARTS INCORPORATED,Z290,,93.95,140.00,1,93.95,2022-09-24,ERQO9128,2023-11-30
F11,PARTS INCORPORATED,Z301,LUMINA SS ,70.87,105.00,1,70.87,2023-08-19,NO HISTORY,
F11,PARTS INCORPORATED,Z306,OIL FILTER,130.58,190.00,1,130.58,2017-12-10,NO HISTORY,
F11,PARTS INCORPORATED,Z310,OIL FILTER,152.01,220.00,1,152.01,2019-07-24,3556666,2026-02-04
F11,PARTS INCORPORATED,Z315,OIL FILTER,135.14,195.00,1,135.14,,NO HISTORY,
F11,PARTS INCORPORATED,Z392,OIL FILTER,76.27,115.00,1,76.27,2023-11-13,ERID6398,2024-12-04
F11,PARTS INCORPORATED,Z528,OIL FILTER,91.31,130.00,1,91.31,2020-02-15,NO HISTORY,
F11,PARTS INCORPORATED,Z542,JEEP D/FIL,270.23,390.00,1,270.23,2022-10-01,NO HISTORY,
F11,PARTS INCORPORATED,Z563,OIL FILTER,65.48,95.00,1,65.48,2022-07-27,I26257,2023-12-09
FAI,PARTS INCORPORATED,45869F,SHOCKS FAI,211.75,295.00,2,423.50,,NO HISTORY,
FAI,PARTS INCORPORATED,45870F,SHOCK REAR,211.67,290.00,2,423.34,,3660955,2026-02-18
FAI,PARTS INCORPORATED,45873F,SHOCK REAR,169.15,240.00,2,338.30,,NO HISTORY,
FAI,PARTS INCORPORATED,56209F,SHOCKS REA,213.65,290.00,2,427.30,,3455070,2026-01-21
FAI,PARTS INCORPORATED,56211F,QUANTUM SH,208.27,285.00,2,416.54,,03820351,2026-03-13
FAI,PARTS INCORPORATED,56214F,FRONT SHOC,239.26,345.00,2,478.52,,NO HISTORY,
FAI,PARTS INCORPORATED,69092F,SHOCK REAR,276.17,380.00,2,552.34,,NO HISTORY,
FAI,PARTS INCORPORATED,D3295FAI,BRAKE PADS,151.50,235.00,1,151.50,,3748779,2026-03-05
FAI,PARTS INCORPORATED,D3523FAI,BRAKE PADS,134.33,210.00,1,134.33,,NO HISTORY,
FAI,PARTS INCORPORATED,D3554FAI,BRAKE PADS,167.91,260.00,1,167.91,,03810752,2026-03-12
FAI,PARTS INCORPORATED,D3587FAI,BRAKE PADS,137.16,215.00,1,137.16,,03699551,2026-02-24
FAI,PARTS INCORPORATED,D3702FAI,BRAKE PADS,143.93,225.00,1,143.93,,03800227,2026-03-10
FAI,PARTS INCORPORATED,D3728FAI,BRAKE PADS,110.34,175.00,1,110.34,,3745969,2026-03-05
FAI,PARTS INCORPORATED,D3942FAI,BRAKE PDAS,145.07,225.00,1,145.07,,03637763,2026-02-16
FAI,PARTS INCORPORATED,MD202F,DISC TOY R,215.00,310.00,2,430.00,,3711827,2026-02-26
FAI,PARTS INCORPORATED,PQ660F,WHEEL BRG ,560.92,810.00,2,1121.84,,NO HISTORY,
FSK,PARTS INCORPORATED,PS,PLASTIC SC,0.33,5.00,160,52.80,2023-06-30,NO HISTORY,
FSP,PARTS INCORPORATED,AUTO1040,LEATHER CA,42.73,65.00,1,42.73,2015-02-16,NO HISTORY,
FSP,PARTS INCORPORATED,COP100,COPPER SLI,36.81,55.00,1,36.81,2022-08-26,NO HISTORY,
FSP,PARTS INCORPORATED,COROLLA-BOSS,BOSS COROL,109.60,160.00,1,109.60,2011-12-02,NO HISTORY,
FSP,PARTS INCORPORATED,NPHS,NO PLATE H,27.60,40.00,4,110.40,2022-12-17,NO HISTORY,
FSP,PARTS INCORPORATED,SAF01,FLAG &amp;quot;SA&amp;quot;,7.98,15.00,26,207.48,2022-10-19,NO HISTORY,
FSP,PARTS INCORPORATED,SBK02,BOOS KIT C,109.60,160.00,1,109.60,2012-12-27,NO HISTORY,
FSP,PARTS INCORPORATED,SBK07,BOSS KIT M,119.60,170.00,1,119.60,2013-10-19,NO HISTORY,
FSP,PARTS INCORPORATED,SBK08,BOSS KIT O,119.60,175.00,1,119.60,,NO HISTORY,
FSP,PARTS INCORPORATED,SBK12,BOSS KIT S,109.60,160.00,1,109.60,,NO HISTORY,
FSP,PARTS INCORPORATED,SBK15,BOSS KIT N,119.60,170.00,1,119.60,2016-02-05,NO HISTORY,
FSP,PARTS INCORPORATED,SBK17,BOSS KIT F,126.00,180.00,1,126.00,2014-03-25,NO HISTORY,
FSP,PARTS INCORPORATED,SC12M,SEATCOVERS,361.55,525.00,1,361.55,2022-12-17,NO HISTORY,
FSP,PARTS INCORPORATED,SW02BB,S/WHEEL SP,197.00,290.00,1,197.00,2014-03-25,NO HISTORY,
FSP,PARTS INCORPORATED,TT8421GR,MICHELIN M,432.00,685.00,1,432.00,2023-06-04,NO HISTORY,
G01,PARTS INCORPORATED,55803,SHOCKS GAS,661.74,900.00,1,661.74,2023-08-25,NO HISTORY,
G01,PARTS INCORPORATED,56103,SHOCKS REA,357.31,485.00,2,714.62,2023-09-21,NO HISTORY,
G01,PARTS INCORPORATED,70696S,SHOCKS I20,339.51,550.00,1,339.51,,NO HISTORY,
H05,PARTS INCORPORATED,LPR4735M,WHEEL CYLI,72.71,95.00,1,72.71,2014-01-03,NO HISTORY,
O06,PARTS INCORPORATED,5620-055,SEAT KNOB ,8.50,30.00,2,17.00,2012-02-20,NO HISTORY,
O06,PARTS INCORPORATED,OFC-79,OIL CAP,80.65,120.00,1,80.65,2022-04-20,I5651042,2026-03-11
O06,PARTS INCORPORATED,OFC91,NIS 2.2 & ,33.38,50.00,1,33.38,2012-06-22,NO HISTORY,
P20,PARTS INCORPORATED,P1526S,BRAKE KIT,7.58,16.00,1,7.58,2020-02-28,NO HISTORY,
PROM,PARTS INCORPORATED,SH684,WINDSCREEN,0.01,0.01,24,0.24,,NO HISTORY,
Q1,PARTS INCORPORATED,REG6107,QUANTUM 4P,181.77,265.00,1,181.77,2021-09-05,NO HISTORY,
S06,PARTS INCORPORATED,OE130,PLUGS CHAM,99.23,140.00,1,99.23,2023-09-05,NO HISTORY,
S07,PARTS INCORPORATED,BP6EFS,NGK PLUGS,21.73,35.00,1,21.73,2018-12-20,WAHEEDA,2026-02-19
S07,PARTS INCORPORATED,BPR6EF-13,NGK SPARK ,23.81,35.00,1,23.81,2019-06-28,NO HISTORY,
S07,PARTS INCORPORATED,RL5,SUPPRESSOR,5.96,8.00,3,17.88,2014-05-08,NO HISTORY,
T01,PARTS INCORPORATED,FG20,FEELER GAU,35.69,60.00,1,35.69,2022-10-11,3748746,2026-03-04
T01,PARTS INCORPORATED,SF11,SPANNER LO,38.40,60.00,1,38.40,2021-02-05,ERQQ3136,2023-12-10
T01,PARTS INCORPORATED,SOC20,20&amp;quot; SOCKET,32.80,50.00,1,32.80,2023-02-14,NO HISTORY,
T01,PARTS INCORPORATED,SOD09,SOCKET TUB,24.80,35.00,1,24.80,,NO HISTORY,
T01,PARTS INCORPORATED,SOD11,SOCKET TUB,24.80,35.00,1,24.80,,NO HISTORY,
T01,PARTS INCORPORATED,SP12M,12 SPANNER,30.09,45.00,1,30.09,2018-10-02,NO HISTORY,
T01,PARTS INCORPORATED,SP28MM,,42.12,70.00,2,84.24,2022-09-10,NO HISTORY,
T01,PARTS INCORPORATED,SP29MM,SPANNER CO,47.58,75.00,1,47.58,2023-10-17,NO HISTORY,
T02,PARTS INCORPORATED,RB9550,R/BRG,109.63,160.00,1,109.63,2017-10-24,NO HISTORY,
T05,PARTS INCORPORATED,SR52,CHAIN,12.04,30.00,2,24.08,2017-05-05,NO HISTORY,
W07,PARTS INCORPORATED,NWP6000,WTR PUMP N,65.00,100.00,1,65.00,2014-09-23,NO HISTORY,
W07,PARTS INCORPORATED,NWP7110M,WATER PUMP,189.58,250.00,2,379.16,2013-11-05,NO HISTORY,
W07,PARTS INCORPORATED,NWP7180M,WATER PUMP,142.57,195.00,1,142.57,,NO HISTORY,
W07,PARTS INCORPORATED,NWP9050,WATER PUMP,417.41,595.00,1,417.41,2016-10-29,I4373507,2024-10-24
W07,PARTS INCORPORATED,NWP9215,GOLF/JETTA,441.25,610.00,1,441.25,2020-07-03,I3950,2025-12-13
W07,PARTS INCORPORATED,NWP9250,WATER PUMP,130.03,185.00,1,130.03,2014-12-07,NO HISTORY,
W09,PARTS INCORPORATED,BU14,WIPER BLAD,23.91,45.00,1,23.91,,3740626,2026-03-04
W09,PARTS INCORPORATED,BU16,WIPER BLAD,27.56,45.00,2,55.12,2020-02-29,NO HISTORY,
W09,PARTS INCORPORATED,CB23,WIPER BLAD,39.13,60.00,1,39.13,2017-07-29,NO HISTORY,
W16,PARTS INCORPORATED,TINT-BLUE,TINT BLUE,14.60,30.00,2,29.20,2023-02-02,NO HISTORY,
